{
        "saltjar" : {
            "status": "_",
            "use_": ["You try to use the salt jar. Nothing happens.", 0],
            "attack_": ["You hit the salt jar. It's suprisingly resistent to your attack.", 0],
            "look_": ["A jar filled with salt", 0],
            "combine_": {
                "monster": [
                    "As you open the jar in front of the monster a loud 'BANG' can be heard.\nAnd with that the monster was sucked into the jar!", 50
                ]
            }

        }
}